crypto_name,symbol,date_time,open_price,high_price,low_price,close_price,volume,market_cap
Bitcoin,BTCUSDT,2025-03-29,84424.38,84624.73,81644.81,82648.54,11696.39864,1673182800974.1038
Bitcoin,BTCUSDT,2025-03-30,82648.53,83534.64,81565.0,82389.99,9864.49508,1640665503855.1438
Bitcoin,BTCUSDT,2025-03-31,82390.0,83943.08,81278.52,82550.01,20569.13885,1633996304187.2593
Bitcoin,BTCUSDT,2025-04-01,82550.0,85579.46,82432.74,85158.34,20190.39697,1635076581047.3545
Bitcoin,BTCUSDT,2025-04-02,85158.35,88500.0,82320.0,82516.29,39931.457,1690602036035.04
Bitcoin,BTCUSDT,2025-04-03,82516.28,83998.02,81211.24,83213.09,27337.84135,1637358764747.381
Bitcoin,BTCUSDT,2025-04-04,83213.09,84720.0,81659.0,83889.87,32915.53976,1652537223074.958
Bitcoin,BTCUSDT,2025-04-05,83889.87,84266.0,82379.95,83537.99,9360.40468,1664234880198.049
Bitcoin,BTCUSDT,2025-04-06,83537.99,83817.63,77153.83,78430.0,27942.71436,1656020067997.187
Bitcoin,BTCUSDT,2025-04-07,78430.0,81243.58,74508.0,79163.24,78387.53089,1555325260787.2627
Bitcoin,BTCUSDT,2025-04-08,79163.24,80867.99,76239.9,76322.42,35317.32063,1581407565278.352
Bitcoin,BTCUSDT,2025-04-09,76322.42,83588.0,74620.0,82615.22,75488.28772,1515042499757.3254
Bitcoin,BTCUSDT,2025-04-10,82615.22,82753.21,78464.36,79607.3,33284.80718,1640567909122.172
Bitcoin,BTCUSDT,2025-04-11,79607.3,84300.0,78969.58,83423.84,34435.43797,1580023209138.0547
Bitcoin,BTCUSDT,2025-04-12,83423.83,85905.0,82792.95,85276.9,18470.74437,1655868880454.1702
Bitcoin,BTCUSDT,2025-04-13,85276.91,86100.0,83034.23,83760.0,24680.04181,1693600655371.0874
Bitcoin,BTCUSDT,2025-04-14,83760.0,85799.99,83678.0,84591.58,28659.09348,1658923208081.8682
Bitcoin,BTCUSDT,2025-04-15,84591.58,86496.42,83600.0,83643.99,20910.99528,1677843510120.269
Bitcoin,BTCUSDT,2025-04-16,83643.99,85500.0,83111.64,84030.38,20867.24519,1660749023283.0562
Bitcoin,BTCUSDT,2025-04-17,84030.38,85470.01,83736.26,84947.91,13728.84772,1670497569762.047
Bitcoin,BTCUSDT,2025-04-18,84947.92,85132.08,84303.96,84474.69,6529.96315,1686226810049.1836
Bitcoin,BTCUSDT,2025-04-19,84474.7,85677.99,84364.45,85077.01,9666.58153,1676373197914.5117
Bitcoin,BTCUSDT,2025-04-20,85077.0,85320.76,83949.52,85179.24,8091.67725,1690090596771.3958
Bitcoin,BTCUSDT,2025-04-21,85179.24,88465.99,85144.76,87516.23,31773.37262,1689008667806.3804
Bitcoin,BTCUSDT,2025-04-22,87516.22,93888.0,87076.03,93442.99,43872.74705,1735703747771.06
Bitcoin,BTCUSDT,2025-04-23,93442.99,94696.05,91935.41,93691.08,27404.16808,1858587811717.8286
Bitcoin,BTCUSDT,2025-04-24,93691.07,94005.0,91660.01,93980.47,19497.06071,1858660302322.256
Bitcoin,BTCUSDT,2025-04-25,93980.47,95758.04,92855.96,94638.68,27500.66648,1864298110563.3408
Bitcoin,BTCUSDT,2025-04-26,94638.68,95199.0,93870.69,94628.0,9415.06875,1882121595175.8462
Bitcoin,BTCUSDT,2025-04-27,94628.0,95369.0,93602.58,93749.3,11162.841,1879131951239.1846
Bitcoin,BTCUSDT,2025-04-28,93749.29,95630.0,92800.01,95011.18,22157.53351,1862772247122.064
Bitcoin,BTCUSDT,2025-04-29,95011.18,95461.53,93742.54,94256.82,16955.3402,1887067388174.3481
Bitcoin,BTCUSDT,2025-04-30,94256.82,95228.45,92910.0,94172.0,17661.2751,1870818389258.4038
Bitcoin,BTCUSDT,2025-05-01,94172.0,97424.02,94130.43,96489.91,21380.45343,1871350362569.0933
Bitcoin,BTCUSDT,2025-05-02,96489.9,97895.68,96350.0,96887.14,14905.74811,1914884389769.3945
Bitcoin,BTCUSDT,2025-05-03,96887.13,96935.67,95753.01,95856.42,9723.34838,1923251765866.1472
Bitcoin,BTCUSDT,2025-05-04,95856.42,96304.48,94151.38,94277.62,11036.38342,1904894886394.57
Bitcoin,BTCUSDT,2025-05-05,94277.61,95199.0,93514.1,94733.68,17251.18189,1872812442453.0322
Bitcoin,BTCUSDT,2025-05-06,94733.68,96920.65,93377.0,96834.02,16122.64513,1882511286487.958
Bitcoin,BTCUSDT,2025-05-07,96834.02,97732.0,95784.61,97030.5,16644.83854,1923643840814.599
Bitcoin,BTCUSDT,2025-05-08,97030.5,104145.76,96876.29,103261.6,34962.02847,1927134557858.269
Bitcoin,BTCUSDT,2025-05-09,103261.61,104361.3,102315.14,102971.99,27617.39907,2047883753852.6929
Bitcoin,BTCUSDT,2025-05-10,102971.99,104984.57,102818.76,104809.53,15324.78611,2045046445523.5242
Bitcoin,BTCUSDT,2025-05-11,104809.53,104972.0,103345.06,104118.0,17987.12197,2077132539531.3464
Bitcoin,BTCUSDT,2025-05-12,104118.0,105819.45,100718.37,102791.32,31272.77792,2065659960471.3655
Bitcoin,BTCUSDT,2025-05-13,102791.32,104976.25,101429.7,104103.72,21253.42409,2044347271866.1707
Bitcoin,BTCUSDT,2025-05-14,104103.72,104356.95,102602.05,103507.82,16452.9081,2069356072124.024
Bitcoin,BTCUSDT,2025-05-15,103507.83,104192.7,101383.07,103763.71,17998.98604,2057798367292.5637
Bitcoin,BTCUSDT,2025-05-16,103763.71,104550.33,103100.49,103463.9,15683.88024,2060142559914.034
Bitcoin,BTCUSDT,2025-05-17,103463.9,103709.86,102612.5,103126.65,11250.89622,2057725640290.0767
Bitcoin,BTCUSDT,2025-05-18,103126.65,106660.0,103105.09,106454.26,21599.98726,2050318521477.805
Bitcoin,BTCUSDT,2025-05-19,106454.27,107108.62,102000.0,105573.74,30260.03524,2104889720872.8306
Bitcoin,BTCUSDT,2025-05-20,105573.73,107320.0,104184.72,106849.99,23705.48275,2098485415895.0496
Bitcoin,BTCUSDT,2025-05-21,106850.0,110797.38,106100.01,109643.99,45531.040345,2121778617273.821
Bitcoin,BTCUSDT,2025-05-22,109643.99,111980.0,109177.37,111696.21,31630.77313,2178838967665.505
Bitcoin,BTCUSDT,2025-05-23,111696.22,111800.0,106800.0,107318.3,31737.72309,2214712145787.249
Bitcoin,BTCUSDT,2025-05-24,107318.3,109506.03,106875.41,107761.91,16782.53129,2131595896624.4407
Bitcoin,BTCUSDT,2025-05-25,107761.9,109299.99,106600.64,109004.19,17710.04695,2142540077685.2197
Bitcoin,BTCUSDT,2025-05-26,109004.2,110422.22,108670.58,109434.79,14649.11593,2163072841533.6133
Bitcoin,BTCUSDT,2025-05-27,109434.78,110718.0,107516.57,108938.17,21276.65635,2173059855839.4187
Bitcoin,BTCUSDT,2025-05-28,108938.17,109284.7,106769.43,107781.78,15633.78829,2167551887130.0073
Bitcoin,BTCUSDT,2025-05-29,107781.78,108891.91,105322.86,105589.75,19834.70116,2143342706888.307
Bitcoin,BTCUSDT,2025-05-30,105589.75,106313.12,103621.0,103985.48,23706.49799,2101348752694.3137
Bitcoin,BTCUSDT,2025-05-31,103985.47,104900.0,103068.55,104591.88,11289.35922,2066830946978.0637
Bitcoin,BTCUSDT,2025-06-01,104591.88,105866.91,103752.49,105642.93,9709.70006,2080467809295.7695
Bitcoin,BTCUSDT,2025-06-02,105642.93,105935.63,103659.88,105857.99,13453.98813,2101178071590.9749
Bitcoin,BTCUSDT,2025-06-03,105858.0,106794.67,104872.5,105376.89,13259.52634,2104229403094.936
Bitcoin,BTCUSDT,2025-06-04,105376.9,106000.0,104179.0,104696.86,14034.89482,2095294001281.4797
Bitcoin,BTCUSDT,2025-06-05,104696.86,105909.71,100372.26,101508.68,22321.50154,2083148839111.2068
Bitcoin,BTCUSDT,2025-06-06,101508.69,105333.0,101095.8,104288.44,15839.07385,2020294099992.3677
Bitcoin,BTCUSDT,2025-06-07,104288.43,105900.0,103871.09,105552.15,8344.93206,2075175500201.4253
Bitcoin,BTCUSDT,2025-06-08,105552.15,106488.14,104964.14,105734.0,8048.06305,2100553336902.5076
Bitcoin,BTCUSDT,2025-06-09,105734.01,110530.17,105318.37,110263.02,19975.37451,2100654769399.4705
Bitcoin,BTCUSDT,2025-06-10,110263.02,110400.0,108331.03,110274.39,17071.82839,2191877481230.9468
Bitcoin,BTCUSDT,2025-06-11,110274.39,110392.01,108064.0,108645.12,13115.91638,2189350055406.3333
Bitcoin,BTCUSDT,2025-06-12,108645.13,108813.55,105671.72,105671.73,17778.67218,2159529375273.4956
Bitcoin,BTCUSDT,2025-06-13,105671.74,106179.53,102664.31,106066.59,26180.81734,2107911943768.2988
Bitcoin,BTCUSDT,2025-06-14,106066.59,106252.0,104300.0,105414.64,8798.93969,2107973087547.7922
Bitcoin,BTCUSDT,2025-06-15,105414.63,106128.57,104494.53,105594.01,7164.20047,2097486541223.27
Bitcoin,BTCUSDT,2025-06-16,105594.02,108952.38,104980.37,106794.53,14922.6654,2098499110552.6216
Bitcoin,BTCUSDT,2025-06-17,106794.53,107771.34,103371.02,104551.17,17866.33025,2127895470544.7178
Bitcoin,BTCUSDT,2025-06-18,104551.17,105550.27,103500.0,104886.78,13968.64167,2080968120976.949
Bitcoin,BTCUSDT,2025-06-19,104886.79,105226.17,103929.27,104658.59,7678.60737,2081677732261.6853
Bitcoin,BTCUSDT,2025-06-20,104658.59,106524.65,102345.0,103297.99,16419.06283,2081355279873.408
Bitcoin,BTCUSDT,2025-06-21,103297.98,103982.64,100837.9,102120.01,11154.21332,2054120245608.2085
Bitcoin,BTCUSDT,2025-06-22,102120.02,103399.62,98200.0,100963.87,28746.41072,2017415966695.5278
Bitcoin,BTCUSDT,2025-06-23,100963.87,106074.2,99613.33,105333.93,27666.50609,2005179769771.7349
Bitcoin,BTCUSDT,2025-06-24,105333.94,106290.0,104622.02,106083.0,14651.69335,2097741233586.5918
Bitcoin,BTCUSDT,2025-06-25,106083.0,108135.3,105808.03,107340.58,16701.15551,2107110352429.8032
Bitcoin,BTCUSDT,2025-06-26,107340.59,108272.45,106562.5,106947.06,10573.27279,2132141147369.0017
Bitcoin,BTCUSDT,2025-06-27,106947.06,107735.34,106356.76,107047.59,12232.44042,2127292099754.93
Bitcoin,BTCUSDT,2025-06-28,107047.58,107577.75,106811.51,107296.79,3282.17352,2129020567385.9595
Bitcoin,BTCUSDT,2025-06-29,107296.79,108528.5,107172.52,108356.93,6831.7364,2134239999929.6584
Bitcoin,BTCUSDT,2025-06-30,108356.93,108789.99,106733.33,107146.5,9754.12491,2155183166489.813
Bitcoin,BTCUSDT,2025-07-01,107146.51,107540.0,105250.85,105681.14,10505.62437,2130471589191.581
Bitcoin,BTCUSDT,2025-07-02,105681.13,109730.0,105100.19,108849.6,17691.89592,2100087563077.9324
Bitcoin,BTCUSDT,2025-07-03,108849.59,110529.18,108530.4,109584.78,13047.08225,2163835371770.0977
Bitcoin,BTCUSDT,2025-07-04,109584.77,109767.59,107245.0,107984.24,11793.86615,2179664531219.9346
Bitcoin,BTCUSDT,2025-07-05,107984.25,108420.56,107756.31,108198.12,3736.9757,2148601712907.3433
Bitcoin,BTCUSDT,2025-07-06,108198.12,109700.0,107800.01,109203.84,6447.607,2152344091389.654
Bitcoin,BTCUSDT,2025-07-07,109203.85,109700.0,107513.2,108262.94,9405.37601,2171497503296.0474
Bitcoin,BTCUSDT,2025-07-08,108262.94,109216.56,107429.57,108922.98,9216.0208,2153777588647.4504
Bitcoin,BTCUSDT,2025-07-09,108922.99,111999.79,108324.53,111233.99,17282.2865,2167049398056.7417
Bitcoin,BTCUSDT,2025-07-10,111234.0,116868.0,110500.0,116010.0,24883.450665,2215210888568.426
Bitcoin,BTCUSDT,2025-07-11,116010.01,118869.98,115222.22,117527.66,25873.521148,2303292356999.7437
Bitcoin,BTCUSDT,2025-07-12,117527.66,118200.0,116900.05,117420.0,8446.60437,2338612196961.7437
Bitcoin,BTCUSDT,2025-07-13,117420.0,119488.0,117224.79,119086.64,9550.792947,2335485977830.673
Bitcoin,BTCUSDT,2025-07-14,119086.65,123218.0,118905.18,119841.18,27269.348877,2369050366835.5605
Bitcoin,BTCUSDT,2025-07-15,119841.17,119940.83,115736.92,117758.09,32018.46083,2383825813673.847
Bitcoin,BTCUSDT,2025-07-16,117758.08,120063.84,117017.29,118630.43,17039.90851,2341223394839.9204
Bitcoin,BTCUSDT,2025-07-17,118630.44,120998.71,117453.57,119177.56,15728.57651,2363194640209.576
Bitcoin,BTCUSDT,2025-07-18,119177.56,120820.71,116812.76,117924.84,19924.66266,2376237382764.3013
Bitcoin,BTCUSDT,2025-07-19,117924.84,118499.9,117277.34,117840.0,6635.80306,2347165317624.536
Bitcoin,BTCUSDT,2025-07-20,117840.01,118856.8,116467.02,117265.12,12962.92889,2345398337785.541
Bitcoin,BTCUSDT,2025-07-21,117265.11,119676.73,116515.0,117380.36,17107.33128,2333757287859.664
Bitcoin,BTCUSDT,2025-07-22,117380.36,120247.8,116128.0,119954.42,20959.12973,2337365497467.1313
Bitcoin,BTCUSDT,2025-07-23,119954.43,120090.0,117301.0,118755.99,14558.75083,2387516761560.4927
Bitcoin,BTCUSDT,2025-07-24,118756.0,119450.0,117103.1,118340.99,15806.89043,2359931875300.5244
Bitcoin,BTCUSDT,2025-07-25,118340.98,118451.57,114723.16,117614.31,38406.34873,2354764508342.9937
Bitcoin,BTCUSDT,2025-07-26,117614.31,118297.35,117138.38,117919.99,6991.67206,2338855554998.7812
Bitcoin,BTCUSDT,2025-07-27,117919.99,119766.65,117825.5,119415.55,9328.30919,2346959472845.027
Bitcoin,BTCUSDT,2025-07-28,119415.56,119800.0,117427.5,118062.32,13961.74754,2376524838793.0137
Bitcoin,BTCUSDT,2025-07-29,118062.32,119273.36,116950.75,117950.76,15137.93445,2349472897426.4688
Bitcoin,BTCUSDT,2025-07-30,117950.75,118792.0,115796.23,117840.3,15586.73631,2345126504020.1143
Bitcoin,BTCUSDT,2025-07-31,117840.29,118922.45,115500.0,115764.08,17010.0073,2343717963709.7124
Bitcoin,BTCUSDT,2025-08-01,115764.07,116052.0,112722.58,113297.93,24487.10206,2302199162425.1206
Bitcoin,BTCUSDT,2025-08-02,113297.92,114063.49,112003.0,112546.35,11507.33428,2253609880959.403
Bitcoin,BTCUSDT,2025-08-03,112546.35,114799.97,111920.0,114208.8,7397.76046,2240413983638.112
Bitcoin,BTCUSDT,2025-08-04,114208.81,115720.0,114107.6,115055.03,9667.67916,2272802075267.0376
Bitcoin,BTCUSDT,2025-08-05,115055.03,115127.81,112650.0,114129.75,12042.79078,2292395156144.1514
Bitcoin,BTCUSDT,2025-08-06,114129.75,115716.0,113355.13,114992.27,9761.15318,2271583255077.356
Bitcoin,BTCUSDT,2025-08-07,114992.27,117621.0,114259.0,117472.01,13468.56263,2289295036528.6577
Bitcoin,BTCUSDT,2025-08-08,117472.02,117630.0,115878.71,116674.74,10045.31278,2337732858703.5435
Bitcoin,BTCUSDT,2025-08-09,116674.74,117944.05,116299.13,116462.25,9514.13144,2323026541073.3213
Bitcoin,BTCUSDT,2025-08-10,116462.25,119311.11,116460.63,119294.01,14322.77073,2318815857401.68
Bitcoin,BTCUSDT,2025-08-11,119294.27,122335.16,118050.11,118686.0,26494.33429,2374097296837.8896
Bitcoin,BTCUSDT,2025-08-12,118686.0,120324.43,118207.47,120134.08,16720.10893,2364060561672.9995
Bitcoin,BTCUSDT,2025-08-13,120134.09,123667.79,118920.92,123306.43,23210.07102,2392854421745.6157
Bitcoin,BTCUSDT,2025-08-14,123306.44,124474.0,117180.0,118295.09,27980.947586,2458895200752.567
Bitcoin,BTCUSDT,2025-08-15,118295.09,119216.82,116803.99,117342.05,13623.33874,2360043737045.272
Bitcoin,BTCUSDT,2025-08-16,117342.04,117898.99,117143.98,117380.66,6393.68117,2335290383260.173
Bitcoin,BTCUSDT,2025-08-17,117380.66,118575.0,117172.21,117405.01,5898.64192,2339465736068.208
Bitcoin,BTCUSDT,2025-08-18,117405.01,117543.75,114640.14,116227.05,17745.93954,2340648324181.828
Bitcoin,BTCUSDT,2025-08-19,116227.05,116725.69,112732.58,112872.94,18065.47424,2313556987528.4634
Bitcoin,BTCUSDT,2025-08-20,112872.95,114615.38,112380.0,114271.24,15636.34194,2245419916215.7417
Bitcoin,BTCUSDT,2025-08-21,114271.23,114821.76,112015.67,112500.0,10839.69235,2274471285844.184
Bitcoin,BTCUSDT,2025-08-22,112500.0,117429.05,111684.79,116935.99,23128.09037,2238121481749.57
Bitcoin,BTCUSDT,2025-08-23,116936.0,117030.0,114560.0,115438.05,11329.36197,2326174803320.612
Bitcoin,BTCUSDT,2025-08-24,115438.06,115666.68,110680.0,113493.59,21175.98462,2296786080139.701
Bitcoin,BTCUSDT,2025-08-25,113493.59,113667.28,109274.1,110111.98,25182.79379,2259663171125.389
Bitcoin,BTCUSDT,2025-08-26,110111.98,112371.0,108666.66,111763.22,18452.43877,2194453712375.598
Bitcoin,BTCUSDT,2025-08-27,111763.22,112625.0,110345.42,111262.01,13392.60875,2227025695775.593
Bitcoin,BTCUSDT,2025-08-28,111262.01,113485.9,110862.42,112566.9,11104.27744,2215255294289.9937
Bitcoin,BTCUSDT,2025-08-29,112566.9,112638.64,107463.9,108377.4,22580.31045,2239422945686.892
Bitcoin,BTCUSDT,2025-08-30,108377.4,108926.15,107350.1,108816.33,10708.39159,2160278651486.2852
Bitcoin,BTCUSDT,2025-08-31,108816.33,109480.02,108076.93,108246.35,9489.51596,2166165747945.1812
Bitcoin,BTCUSDT,2025-09-01,108246.36,109912.4,107255.0,109237.42,16053.60219,2155694976689.5986
Bitcoin,BTCUSDT,2025-09-02,109237.43,111771.52,108393.39,111240.01,18510.28756,2174100506466.4321
Bitcoin,BTCUSDT,2025-09-03,111240.01,112575.27,110528.71,111705.71,11773.72084,2212595221503.454
Bitcoin,BTCUSDT,2025-09-04,111705.72,112180.0,109329.12,110730.87,12203.13536,2225365905592.233
Bitcoin,BTCUSDT,2025-09-05,110730.87,113384.62,110206.96,110659.99,21587.40888,2204051936301.3257
Bitcoin,BTCUSDT,2025-09-06,110660.0,111307.7,109977.0,110187.97,5000.29897,2204045604630.5625
Bitcoin,BTCUSDT,2025-09-07,110187.98,111600.0,110180.0,111137.34,5681.29944,2195288669199.568
Bitcoin,BTCUSDT,2025-09-08,111137.35,112924.37,110621.78,112065.23,11582.40211,2213764479139.3647
Bitcoin,BTCUSDT,2025-09-09,112065.23,113293.29,110766.66,111546.39,15379.28248,2231763512226.867
Bitcoin,BTCUSDT,2025-09-10,111546.38,114313.13,110917.45,113960.0,17517.41823,2222026777598.0474
Bitcoin,BTCUSDT,2025-09-11,113960.0,115488.09,113430.0,115482.69,13676.73119,2270241314652.7144
Bitcoin,BTCUSDT,2025-09-12,115482.69,116665.63,114740.99,116029.42,15324.10719,2299764311655.674
Bitcoin,BTCUSDT,2025-09-13,116029.41,116298.78,115127.27,115918.29,8269.40394,2314347371939.946
Bitcoin,BTCUSDT,2025-09-14,115918.29,116165.19,115135.0,115268.01,6707.60197,2310166037871.29
Bitcoin,BTCUSDT,2025-09-15,115268.01,116757.99,114384.0,115349.71,13212.51149,2297459118244.424
Bitcoin,BTCUSDT,2025-09-16,115349.71,116964.27,114737.11,116788.96,10926.9094,2297977599504.5527
Bitcoin,BTCUSDT,2025-09-17,116788.96,117286.73,114720.81,116447.59,16754.2454,2325326932460.9644
Bitcoin,BTCUSDT,2025-09-18,116447.6,117900.0,116092.76,117073.53,11657.23365,2321583680138.891
Bitcoin,BTCUSDT,2025-09-19,117073.53,117459.99,115100.0,115632.38,8992.09065,2333705338232.097
Bitcoin,BTCUSDT,2025-09-20,115632.39,116121.81,115408.47,115685.63,4674.92752,2303469041668.8
Bitcoin,BTCUSDT,2025-09-21,115685.63,115819.06,115188.0,115232.29,4511.52219,2305371926506.302
Bitcoin,BTCUSDT,2025-09-22,115232.29,115379.25,111800.0,112650.99,20781.71356,2297332085237.645
Bitcoin,BTCUSDT,2025-09-23,112650.99,113290.5,111458.73,111998.8,12301.3203,2245929069310.8535
Bitcoin,BTCUSDT,2025-09-24,111998.8,113940.0,111042.66,113307.0,12369.25967,2232693472656.6514
Bitcoin,BTCUSDT,2025-09-25,113307.01,113510.23,108631.51,108994.49,21231.14957,2257741194218.8286
Bitcoin,BTCUSDT,2025-09-26,108994.49,110300.0,108620.07,109643.46,14243.01591,2171950311711.4429
Bitcoin,BTCUSDT,2025-09-27,109643.46,109743.91,109064.4,109635.85,5501.78643,2185866776171.5464
Bitcoin,BTCUSDT,2025-09-28,109635.85,112350.0,109189.99,112163.95,7542.3316,2185203231301.0562
Bitcoin,BTCUSDT,2025-09-29,112163.96,114400.0,111560.65,114311.96,15541.12005,2235798877396.134
Bitcoin,BTCUSDT,2025-09-30,114311.97,114792.0,112656.27,114048.93,15044.15633,2278362523594.3135
Bitcoin,BTCUSDT,2025-10-01,114048.94,118649.1,113966.67,118594.99,20036.39516,2272137555069.4507
Bitcoin,BTCUSDT,2025-10-02,118594.99,121022.07,118279.31,120529.35,19670.83503,2359569556068.08
Bitcoin,BTCUSDT,2025-10-03,120529.35,123894.99,119248.3,122232.0,23936.328,2399524207991.5527
Bitcoin,BTCUSDT,2025-10-04,122232.21,122800.0,121510.0,122391.0,8208.16678,2436956902844.7153
Bitcoin,BTCUSDT,2025-10-05,122390.99,125708.42,122136.0,123482.31,22043.097553,2438832157552.7866
Bitcoin,BTCUSDT,2025-10-06,123482.32,126199.63,123084.0,124658.54,19494.628793,2461221856764.1885
Bitcoin,BTCUSDT,2025-10-07,124658.54,125126.0,120574.94,121332.95,21633.99385,2486073086655.2866
Bitcoin,BTCUSDT,2025-10-08,121332.96,124197.25,121066.14,123306.0,17012.618,2421938444026.2783
Bitcoin,BTCUSDT,2025-10-09,123306.01,123762.94,119651.47,121662.4,21559.36007,2459003621170.118
Bitcoin,BTCUSDT,2025-10-10,121662.41,122550.0,102000.0,112774.5,64171.93927,2423288659157.484
Bitcoin,BTCUSDT,2025-10-11,112774.49,113322.39,109561.59,110644.4,35448.51652,2265659827789.9917
Bitcoin,BTCUSDT,2025-10-12,110644.4,115770.0,109565.06,114958.8,32255.30272,2211404015103.109
Bitcoin,BTCUSDT,2025-10-13,114958.81,115963.81,113616.5,115166.0,22557.24033,2294724465036.9785
Bitcoin,BTCUSDT,2025-10-14,115166.0,115409.96,109866.0,113028.14,31870.32974,2296863527017.9863
Bitcoin,BTCUSDT,2025-10-15,113028.13,113612.35,110164.0,110763.28,22986.48811,2257545230986.0146
Bitcoin,BTCUSDT,2025-10-16,110763.28,111982.45,107427.0,108194.28,29857.17252,2207742082237.0483
Bitcoin,BTCUSDT,2025-10-17,108194.27,109240.0,103528.23,106431.68,37920.66838,2154964541836.455
Bitcoin,BTCUSDT,2025-10-18,106431.68,107499.0,106322.2,107185.01,11123.18766,2123017949517.1426
Bitcoin,BTCUSDT,2025-10-19,107185.0,109450.07,106103.36,108642.78,15480.66423,2135575517405.9185
Bitcoin,BTCUSDT,2025-10-20,108642.77,111705.56,107402.52,110532.09,19193.4416,2165367850075.0042
Bitcoin,BTCUSDT,2025-10-21,110532.09,114000.0,107473.72,108297.67,37228.01659,2205571381112.93
Bitcoin,BTCUSDT,2025-10-22,108297.66,109163.88,106666.69,107567.44,28610.78451,2162410619417.9114
Bitcoin,BTCUSDT,2025-10-23,107567.45,111293.61,107500.0,110078.18,17573.09294,2145773248654.6448
Bitcoin,BTCUSDT,2025-10-24,110078.19,112104.98,109700.01,111004.89,15005.16913,2193901841033.9053
Bitcoin,BTCUSDT,2025-10-25,111004.9,111943.19,110672.86,111646.27,6407.96864,2213306367536.756
Bitcoin,BTCUSDT,2025-10-26,111646.27,115466.8,111260.45,114559.4,13454.47737,2224861052775.0015
Bitcoin,BTCUSDT,2025-10-27,114559.41,116400.0,113830.01,114107.65,21450.23241,2283691326423.212
Bitcoin,BTCUSDT,2025-10-28,114107.65,116086.0,112211.0,112898.45,15523.42257,2276235094681.6714
Bitcoin,BTCUSDT,2025-10-29,112898.44,113643.73,109200.0,110021.29,21079.71376,2254003248725.4917
Bitcoin,BTCUSDT,2025-10-30,110021.3,111592.0,106304.34,108322.88,25988.82838,2194746293754.542
Bitcoin,BTCUSDT,2025-10-31,108322.87,111190.0,108275.28,109608.01,21518.20439,2157803742876.0747
Bitcoin,BTCUSDT,2025-11-01,109608.01,110564.49,109394.81,110098.1,7378.50431,2185193896779.3408
Bitcoin,BTCUSDT,2025-11-02,110098.1,111250.01,109471.34,110540.68,12107.00087,2194075979770.0623
Bitcoin,BTCUSDT,2025-11-03,110540.69,110750.0,105306.56,106583.04,28681.18779,2201849942058.28
Bitcoin,BTCUSDT,2025-11-04,106583.05,107299.0,98944.36,101497.22,50534.87376,2123664079961.7026
Bitcoin,BTCUSDT,2025-11-05,101497.23,104534.74,98966.8,103885.16,33778.77571,2026091188341.184
Bitcoin,BTCUSDT,2025-11-06,103885.16,104200.0,100300.95,101346.04,25814.62139,2073000557933.8025
Bitcoin,BTCUSDT,2025-11-07,101346.04,104096.36,99260.86,103339.08,32059.50942,2019147576692.263
Bitcoin,BTCUSDT,2025-11-08,103339.09,103406.22,101454.0,102312.94,12390.77985,2063021740892.1375
Bitcoin,BTCUSDT,2025-11-09,102312.95,105495.62,101400.0,104722.96,16338.97096,2039995976869.1492
Bitcoin,BTCUSDT,2025-11-10,104722.95,106670.11,104265.02,106011.13,22682.25673,2086419359800.0503
Bitcoin,BTCUSDT,2025-11-11,106011.13,107500.0,102476.09,103058.99,24196.50718,2112747067951.9028
Bitcoin,BTCUSDT,2025-11-12,103059.0,105333.33,100813.59,101654.37,20457.63906,2053215927640.825
Bitcoin,BTCUSDT,2025-11-13,101654.37,104085.01,98000.4,99692.02,36198.50771,2025837265459.7573
Bitcoin,BTCUSDT,2025-11-14,99692.03,99866.02,94012.45,94594.0,47288.14481,1996168972711.9963
Bitcoin,BTCUSDT,2025-11-15,94594.0,96846.68,94558.49,95596.24,15110.89391,1891799949910.1116
Bitcoin,BTCUSDT,2025-11-16,95596.23,96635.11,93005.55,94261.44,23889.4051,1905234340631.9912
Bitcoin,BTCUSDT,2025-11-17,94261.45,96043.0,91220.0,92215.14,39218.59806,1883240679702.7427
Bitcoin,BTCUSDT,2025-11-18,92215.14,93836.01,89253.78,92960.83,39835.14769,1835458818945.8962
Bitcoin,BTCUSDT,2025-11-19,92960.83,92980.22,88608.0,91554.96,32286.6376,1851234710246.605
Bitcoin,BTCUSDT,2025-11-20,91554.96,93160.0,86100.0,86637.23,39733.19073,1820062799702.324
Bitcoin,BTCUSDT,2025-11-21,86637.22,87498.94,80600.0,85129.43,72256.12679,1731258563683.1287
Bitcoin,BTCUSDT,2025-11-22,85129.42,85620.0,83500.0,84739.74,14193.93263,1697723941246.0479
Bitcoin,BTCUSDT,2025-11-23,84739.75,88127.64,84667.57,86830.0,19734.46418,1690556523055.809
Bitcoin,BTCUSDT,2025-11-24,86830.0,89228.0,85272.0,88300.01,24663.12795,1732233225777.4016
Bitcoin,BTCUSDT,2025-11-25,88300.01,88519.99,86116.0,87369.96,19567.0411,1761564072532.238
Bitcoin,BTCUSDT,2025-11-26,87369.97,90656.08,86306.77,90484.02,21675.82239,1742162762885.542
Bitcoin,BTCUSDT,2025-11-27,90484.01,91950.0,90089.91,91333.95,16833.50932,1806439309544.997
Bitcoin,BTCUSDT,2025-11-28,91333.94,93092.0,90180.63,90890.7,18830.86012,1821778517479.9226
Bitcoin,BTCUSDT,2025-11-29,90890.71,91165.65,90155.47,90802.44,7429.88291,1814919896425.4082
Bitcoin,BTCUSDT,2025-11-30,90802.44,92000.01,90336.9,90360.0,9687.74175,1812771321410.9438
Bitcoin,BTCUSDT,2025-12-01,90360.01,90417.0,83822.76,86286.01,34509.01227,1807818977105.3909
Bitcoin,BTCUSDT,2025-12-02,86286.01,92307.65,86184.39,91277.88,28210.22732,1723547230444.7913
Bitcoin,BTCUSDT,2025-12-03,91277.88,94150.0,90990.23,93429.95,25712.52585,1824843161126.1372
Bitcoin,BTCUSDT,2025-12-04,93429.95,94080.0,90889.0,92078.06,19803.94059,1868050658597.6572
Bitcoin,BTCUSDT,2025-12-05,92078.06,92692.36,88056.0,89330.04,19792.97218,1839369557445.9072
Bitcoin,BTCUSDT,2025-12-06,89330.04,90289.97,88908.01,89236.79,8409.50016,1782798987370.1692
Bitcoin,BTCUSDT,2025-12-07,89236.8,91760.0,87719.28,90395.31,13021.11185,1781194798199.8435
Bitcoin,BTCUSDT,2025-12-08,90395.32,92287.15,89612.0,90634.34,15793.63887,1799656690088.5503
Bitcoin,BTCUSDT,2025-12-09,90634.35,94588.99,89500.0,92678.8,21240.43014,1808394676576.639
Bitcoin,BTCUSDT,2025-12-10,92678.81,94476.0,91563.15,92015.37,18998.68083,1852116289106.247
Bitcoin,BTCUSDT,2025-12-11,92015.38,93555.0,89260.63,92513.38,19972.58758,1837321739746.956
Bitcoin,BTCUSDT,2025-12-12,92513.38,92754.0,89480.0,90268.42,16679.19169,1848922166365.7808
Bitcoin,BTCUSDT,2025-12-13,90268.43,90634.55,89766.39,90240.01,5895.70788,1803244893514.8884
Bitcoin,BTCUSDT,2025-12-14,90240.0,90472.4,87577.36,88172.17,9416.94004,1801496999571.6902
Bitcoin,BTCUSDT,2025-12-15,88172.16,90052.64,85146.64,86432.08,19778.6919,1761380944797.1238
Bitcoin,BTCUSDT,2025-12-16,86432.08,88175.98,85266.0,87863.42,18456.05017,1724624039059.303
Bitcoin,BTCUSDT,2025-12-17,87863.43,90365.85,85314.0,86243.22,19834.11729,1751373602587.6565
Bitcoin,BTCUSDT,2025-12-18,86243.23,89477.61,84450.01,85516.41,25405.41763,1718491930388.8372
Bitcoin,BTCUSDT,2025-12-19,85516.41,89399.97,85110.24,88136.94,21256.65004,1704341132953.6216
Bitcoin,BTCUSDT,2025-12-20,88136.95,88573.07,87795.76,88360.9,5123.13194,1759398134896.644
Bitcoin,BTCUSDT,2025-12-21,88360.91,89081.77,87600.04,88658.86,7132.87258,1762805314679.9844
Bitcoin,BTCUSDT,2025-12-22,88658.87,90588.23,87900.0,88620.79,14673.2197,1768920028841.514
Bitcoin,BTCUSDT,2025-12-23,88620.79,88940.0,86601.9,87486.0,13910.32904,1767081210842.8062
Bitcoin,BTCUSDT,2025-12-24,87486.0,88049.89,86420.0,87669.45,9140.8432,1745209464473.6252
Bitcoin,BTCUSDT,2025-12-25,87669.44,88592.74,86934.72,87225.27,7096.58235,1749379166231.2852
Bitcoin,BTCUSDT,2025-12-26,87225.27,89567.75,86655.08,87369.56,18344.61505,1741491085115.601
Bitcoin,BTCUSDT,2025-12-27,87369.56,87984.0,87253.05,87877.01,4469.55156,1743187621561.159
Bitcoin,BTCUSDT,2025-12-28,87877.0,88088.75,87435.0,87952.71,4446.29285,1753375412209.345
Bitcoin,BTCUSDT,2025-12-29,87952.71,90406.08,86806.5,87237.13,19894.98575,1753595375313.038
Bitcoin,BTCUSDT,2025-12-30,87237.13,89400.0,86845.66,88485.49,13105.91001,1739794323451.9631
Bitcoin,BTCUSDT,2025-12-31,88485.5,89200.0,87250.0,87648.22,11558.62047,1765833387995.6162
Bitcoin,BTCUSDT,2026-01-01,87648.21,88919.45,87550.43,88839.04,6279.57133,1747837206254.3643
Bitcoin,BTCUSDT,2026-01-02,88839.05,90961.81,88379.88,89995.13,17396.97301,1771365149347.3962
Bitcoin,BTCUSDT,2026-01-03,89995.14,90741.16,89314.01,90628.01,7057.46716,1795890115524.7178
Bitcoin,BTCUSDT,2026-01-04,90628.01,91810.0,90628.0,91529.73,10426.5297,1809211438368.9963
Bitcoin,BTCUSDT,2026-01-05,91529.74,94789.08,91514.81,93859.71,20673.59584,1824986876689.233
Bitcoin,BTCUSDT,2026-01-06,93859.71,94444.44,91262.94,93747.97,18546.41829,1876558232963.0544
Bitcoin,BTCUSDT,2026-01-07,93747.97,93747.97,90675.52,91364.16,14276.49025,1870043996457.1855
Bitcoin,BTCUSDT,2026-01-08,91364.16,91687.99,89311.0,91099.99,16132.79117,1822220317807.3809
Bitcoin,BTCUSDT,2026-01-09,91100.0,92082.55,89694.66,90641.28,15590.27939,1817249307661.4592
Bitcoin,BTCUSDT,2026-01-10,90641.27,90832.0,90404.0,90504.7,3104.11722,1807784901284.322
Bitcoin,BTCUSDT,2026-01-11,90504.7,91283.89,90236.0,91013.65,5477.13594,1806483854865.5005
Bitcoin,BTCUSDT,2026-01-12,91013.66,92519.95,90128.44,91296.2,16188.08268,1814078415941.0112
Bitcoin,BTCUSDT,2026-01-13,91296.2,96495.0,91042.66,95414.0,23021.51482,1820530763450.6675
Bitcoin,BTCUSDT,2026-01-14,95413.99,97924.49,94559.28,96951.78,22851.89428,1902289955573.257
Bitcoin,BTCUSDT,2026-01-15,96951.78,97193.34,95134.48,95604.8,21725.81369,1938292963237.8118
Bitcoin,BTCUSDT,2026-01-16,95604.81,95871.47,94293.46,95550.94,11167.7146,1909227332523.1567
Bitcoin,BTCUSDT,2026-01-17,95550.94,95639.45,95021.67,95147.77,4280.80137,1907673016263.0132
Bitcoin,BTCUSDT,2026-01-18,95147.77,95531.12,93615.4,93673.14,6895.17819,1899912876486.1714
Bitcoin,BTCUSDT,2026-01-19,93673.14,93673.14,91910.2,92631.0,14295.52747,1874976961280.7039
Bitcoin,BTCUSDT,2026-01-20,92630.99,92870.0,87895.98,88427.66,22007.3261,1849232162887.1968
Bitcoin,BTCUSDT,2026-01-21,88427.66,90574.0,87263.53,89454.73,20617.50372,1764030499464.2656
Bitcoin,BTCUSDT,2026-01-22,89454.73,90359.99,88515.37,89559.67,10825.50492,1785123532735.0352
Bitcoin,BTCUSDT,2026-01-23,89559.68,91224.99,88578.36,89600.26,13918.48919,1787014846080.977
Bitcoin,BTCUSDT,2026-01-24,89600.26,89957.39,89162.08,89225.34,4226.56737,1786292506432.339
Bitcoin,BTCUSDT,2026-01-25,89225.34,89319.13,86074.72,86670.36,14426.22019,1781979789713.3386
Bitcoin,BTCUSDT,2026-01-26,86670.36,88860.0,86509.63,88347.08,17766.51453,1731460015137.4014
Bitcoin,BTCUSDT,2026-01-27,88347.08,89523.16,87304.33,89250.0,13125.40425,1764540020523.9114
Bitcoin,BTCUSDT,2026-01-28,89249.99,90600.0,88833.65,89299.99,14332.18502,1782508769730.2656
Bitcoin,BTCUSDT,2026-01-29,89300.0,89348.0,83383.33,84650.16,30431.38201,1781310220302.3276
Bitcoin,BTCUSDT,2026-01-30,84650.16,84735.75,81118.0,84260.49,35195.84793,1689639802554.1016
Bitcoin,BTCUSDT,2026-01-31,84260.5,84270.02,75719.9,78741.09,39491.89133,1680807873673.8472
Bitcoin,BTCUSDT,2026-02-01,78741.1,79424.0,75700.0,76968.21,25395.48168,1573735495563.3943
Bitcoin,BTCUSDT,2026-02-02,76968.22,79360.0,74604.0,78738.61,42273.59016,1537520318473.685
Bitcoin,BTCUSDT,2026-02-03,78738.6,79186.81,72945.5,75770.21,39120.10889,1573216672021.9187
Bitcoin,BTCUSDT,2026-02-04,75770.21,76971.52,71888.0,73165.83,38375.36,1512165605443.8088
Bitcoin,BTCUSDT,2026-02-05,73165.84,73341.18,62345.0,62909.86,106298.82899,1463518712915.32
Bitcoin,BTCUSDT,2026-02-06,62909.87,71751.33,60000.0,70580.26,92539.21531,1262033077144.5305
Bitcoin,BTCUSDT,2026-02-07,70580.26,71690.07,67300.0,69289.38,44255.48036,1410203662656.3728
Bitcoin,BTCUSDT,2026-02-08,69289.37,72271.41,68888.0,70330.38,21420.53168,1385532837702.3442
Bitcoin,BTCUSDT,2026-02-09,70330.38,71453.53,68308.0,70138.0,29152.72842,1411671712614.3147
Bitcoin,BTCUSDT,2026-02-10,70138.0,70527.59,67800.0,68841.29,20373.77072,1400898153463.9268
Bitcoin,BTCUSDT,2026-02-11,68841.28,69292.88,65756.0,67082.52,28718.24602,1374149240710.2896
Bitcoin,BTCUSDT,2026-02-12,67082.52,68410.52,65118.0,66272.17,24271.74283,1337566230010.1792
Bitcoin,BTCUSDT,2026-02-13,66272.17,69482.97,65872.46,68853.96,20244.54955,1322855090692.983
Bitcoin,BTCUSDT,2026-02-14,68853.97,70560.01,68730.13,69822.95,18114.78393,1376029371467.4585
Bitcoin,BTCUSDT,2026-02-15,69822.94,70983.0,68000.0,68832.58,22290.05208,1395185595832.6794
Bitcoin,BTCUSDT,2026-02-16,68832.59,70126.67,67294.11,68892.43,15515.76534,1373546624939.8215
Bitcoin,BTCUSDT,2026-02-17,68892.43,69241.5,66621.06,67503.52,16489.06921,1377439978226.675
Bitcoin,BTCUSDT,2026-02-18,67503.52,68476.22,65870.0,66461.0,15492.43839,1349284955301.9707
Bitcoin,BTCUSDT,2026-02-19,66461.0,67320.0,65631.83,67003.73,14542.26988,1327723958117.1118
Bitcoin,BTCUSDT,2026-02-20,67003.73,68318.39,66280.2,68020.01,35351.87091,1338094580095.8176
Bitcoin,BTCUSDT,2026-02-21,68020.0,68698.7,67534.69,67975.93,8032.84131,1358591334156.9714
Bitcoin,BTCUSDT,2026-02-22,67975.93,68245.0,67190.0,67643.4,8175.13484,1359065859647.3735
Bitcoin,BTCUSDT,2026-02-23,67643.39,67684.86,63888.79,64656.02,33075.90923,1350654423261.9365
Bitcoin,BTCUSDT,2026-02-24,64656.01,65026.75,62510.28,64058.15,23102.83622,1291178509392.7466
Bitcoin,BTCUSDT,2026-02-25,64058.15,69988.83,63913.27,67988.04,30749.99259,1281148417170.2803
Bitcoin,BTCUSDT,2026-02-26,67988.04,68860.0,66500.0,67485.18,20737.77792,1358175414542.9243
Bitcoin,BTCUSDT,2026-02-27,67485.19,68216.8,64914.46,65872.1,21228.58424,1348944333913.3765
Bitcoin,BTCUSDT,2026-02-28,65872.09,67760.0,63030.0,66973.26,22548.71649,1317715385672.9202
Bitcoin,BTCUSDT,2026-03-01,66973.26,68199.99,65056.0,65776.47,23201.85859,1340289147460.5789
Bitcoin,BTCUSDT,2026-03-02,65776.48,70096.0,65259.21,68830.06,32010.38431,1314048555375.68
Bitcoin,BTCUSDT,2026-03-03,68830.06,69258.08,66158.0,68338.0,24972.2418,1377737947309.8953
Bitcoin,BTCUSDT,2026-03-04,68338.01,74050.0,67400.0,72666.77,44919.0761,1367228918356.8262
Bitcoin,BTCUSDT,2026-03-05,72666.77,73558.15,70645.47,70890.72,26590.51253,1453089991035.7456
Bitcoin,BTCUSDT,2026-03-06,70891.02,71419.98,67744.78,68114.02,22629.88722,1417652016603.2668
Bitcoin,BTCUSDT,2026-03-07,68114.02,68551.04,66915.26,67262.91,12719.54315,1364073902597.7644
Bitcoin,BTCUSDT,2026-03-08,67262.91,68200.0,65618.49,65971.2,21593.63901,1345067153653.0642
Bitcoin,BTCUSDT,2026-03-09,65971.2,69516.65,65821.97,68432.16,28896.7213,1321622467264.5437
Bitcoin,BTCUSDT,2026-03-10,68432.16,71777.0,68391.41,69948.63,32602.57726,1369955697970.065
Bitcoin,BTCUSDT,2026-03-11,69948.64,71321.0,68977.91,70191.86,27249.27542,1397516391202.649
Bitcoin,BTCUSDT,2026-03-12,70191.86,70800.0,69205.91,70541.34,21997.1605,1405229147518.9683
Bitcoin,BTCUSDT,2026-03-13,70541.34,73913.74,70386.01,70930.0,35996.61678,1411413242207.7595
Bitcoin,BTCUSDT,2026-03-14,70930.01,71307.92,70317.0,71211.95,13017.24737,1419133420991.5525
Bitcoin,BTCUSDT,2026-03-15,71211.95,73199.0,70858.82,72815.24,14037.30704,1424666372555.8494
Bitcoin,BTCUSDT,2026-03-16,72815.25,74909.08,72270.41,74884.67,28409.53019,1453818980888.097
Bitcoin,BTCUSDT,2026-03-17,74884.67,76000.0,73399.19,73909.36,24521.26636,1496606935787.3132
Bitcoin,BTCUSDT,2026-03-18,73909.37,74672.34,70500.0,71246.54,23392.88093,1479034380091.9211
Bitcoin,BTCUSDT,2026-03-19,71246.55,71613.79,68793.35,69930.0,22364.81819,1425248408811.2256
Bitcoin,BTCUSDT,2026-03-20,69930.01,71367.0,69388.0,70510.73,18121.16745,1397132369157.6367
Bitcoin,BTCUSDT,2026-03-21,70510.73,71100.94,68571.42,68918.12,13397.1675,1411553294477.2244
Bitcoin,BTCUSDT,2026-03-22,68918.12,69588.79,67360.66,67859.0,14843.78682,1381324607061.9844
Bitcoin,BTCUSDT,2026-03-23,67859.0,71817.09,67445.18,70906.45,28335.09119,1357220326650.4958
Bitcoin,BTCUSDT,2026-03-24,70906.45,71400.0,68923.07,70556.74,20702.42244,1417921177640.1455
Bitcoin,BTCUSDT,2026-03-25,70556.74,72026.09,70408.0,71336.53,17719.50066,1410852097506.246
Bitcoin,BTCUSDT,2026-03-26,71336.53,71436.82,68153.0,68820.31,20820.45768,1426722276575.147
Bitcoin,BTCUSDT,2026-03-27,68820.31,69179.05,65548.25,66407.28,28603.69557,1375963897395.8403
Bitcoin,BTCUSDT,2026-03-28,66407.28,66573.61,65932.09,66185.97,6279.34623,1323343916631.2869
Ethereum,ETHUSDT,2025-03-29,1896.9,1913.6,1797.2,1828.08,409769.7555,228784244898.24844
Ethereum,ETHUSDT,2025-03-30,1828.09,1849.01,1767.69,1807.74,327843.4476,220262156018.88525
Ethereum,ETHUSDT,2025-03-31,1807.74,1854.22,1776.75,1822.43,497854.9052,217784813538.97607
Ethereum,ETHUSDT,2025-04-01,1822.43,1927.9,1817.88,1904.98,452989.0974,219908040559.44638
Ethereum,ETHUSDT,2025-04-02,1904.98,1957.0,1781.53,1795.22,750840.7823,230031614721.63394
Ethereum,ETHUSDT,2025-04-03,1795.21,1845.26,1750.0,1817.23,508075.018,216667567217.00522
Ethereum,ETHUSDT,2025-04-04,1817.23,1835.68,1758.72,1816.87,572734.4702,219762279056.2319
Ethereum,ETHUSDT,2025-04-05,1816.88,1827.29,1764.39,1806.01,201716.2696,218925876283.93597
Ethereum,ETHUSDT,2025-04-06,1806.02,1817.0,1537.5,1580.76,979847.0958,217957146409.9286
Ethereum,ETHUSDT,2025-04-07,1580.77,1639.0,1411.01,1553.04,2168796.0067,190295586491.21872
Ethereum,ETHUSDT,2025-04-08,1553.04,1618.67,1441.3,1473.41,891846.1327,188565143892.71408
Ethereum,ETHUSDT,2025-04-09,1473.41,1689.0,1385.05,1669.51,1968530.9138,177496121145.5316
Ethereum,ETHUSDT,2025-04-10,1669.51,1669.85,1471.02,1522.25,911855.3934,200623016236.85327
Ethereum,ETHUSDT,2025-04-11,1522.24,1591.47,1504.63,1566.85,578484.3183,183947227079.42554
Ethereum,ETHUSDT,2025-04-12,1566.85,1669.59,1546.06,1644.18,501867.9033,189185664203.6754
Ethereum,ETHUSDT,2025-04-13,1644.19,1649.75,1562.01,1597.76,580136.6145,198696438258.60336
Ethereum,ETHUSDT,2025-04-14,1597.76,1691.5,1595.56,1623.77,645930.1419,192382635779.77805
Ethereum,ETHUSDT,2025-04-15,1623.78,1661.21,1583.12,1588.78,476178.8915,195686083638.74744
Ethereum,ETHUSDT,2025-04-16,1588.77,1613.66,1538.07,1577.14,611387.8686,191837036865.40186
Ethereum,ETHUSDT,2025-04-17,1577.15,1616.96,1563.2,1583.62,449870.3628,190419833063.11868
Ethereum,ETHUSDT,2025-04-18,1583.63,1600.64,1573.54,1588.6,200409.0359,191135638825.23685
Ethereum,ETHUSDT,2025-04-19,1588.6,1631.81,1585.01,1613.27,223096.3899,191865697060.91525
Ethereum,ETHUSDT,2025-04-20,1613.26,1619.19,1565.59,1587.36,276052.2306,194945047366.35382
Ethereum,ETHUSDT,2025-04-21,1587.36,1658.75,1564.07,1579.57,691486.6667,191374869502.39386
Ethereum,ETHUSDT,2025-04-22,1579.57,1778.0,1537.26,1756.26,1103036.9586,190376888818.46906
Ethereum,ETHUSDT,2025-04-23,1756.25,1834.86,1744.95,1795.07,887545.6316,212582611840.14056
Ethereum,ETHUSDT,2025-04-24,1795.08,1802.82,1722.9,1769.65,483465.0385,216572719914.54987
Ethereum,ETHUSDT,2025-04-25,1769.64,1827.32,1738.6,1784.6,595610.8894,213593284213.58224
Ethereum,ETHUSDT,2025-04-26,1784.6,1841.16,1778.94,1820.88,355068.0442,215954892518.00418
Ethereum,ETHUSDT,2025-04-27,1820.87,1857.47,1781.9,1791.29,340332.6435,219830529458.7114
Ethereum,ETHUSDT,2025-04-28,1791.29,1827.98,1744.71,1799.88,587269.743,216533502206.27112
Ethereum,ETHUSDT,2025-04-29,1799.88,1842.99,1780.47,1797.81,480456.3884,217264115049.6792
Ethereum,ETHUSDT,2025-04-30,1797.81,1816.8,1731.7,1793.61,473523.9877,216596941729.71945
Ethereum,ETHUSDT,2025-05-01,1793.62,1873.17,1792.52,1838.11,537198.7291,216623334477.08453
Ethereum,ETHUSDT,2025-05-02,1838.1,1871.0,1813.0,1842.2,410667.875,221969602979.55032
Ethereum,ETHUSDT,2025-05-03,1842.2,1848.6,1810.0,1833.52,213751.5979,222269022299.2824
Ethereum,ETHUSDT,2025-05-04,1833.52,1849.95,1803.0,1808.86,238254.3564,221494950784.02625
Ethereum,ETHUSDT,2025-05-05,1808.86,1833.55,1781.85,1820.19,342341.0078,218216268630.8664
Ethereum,ETHUSDT,2025-05-06,1820.19,1820.9,1752.0,1817.0,384584.2451,219769896301.20087
Ethereum,ETHUSDT,2025-05-07,1817.0,1850.0,1787.01,1811.11,456170.0705,219305875804.55966
Ethereum,ETHUSDT,2025-05-08,1811.11,2226.0,1808.71,2207.39,1473152.686,218569578701.42172
Ethereum,ETHUSDT,2025-05-09,2207.39,2490.77,2184.33,2345.04,1667041.0382,264994998215.9445
Ethereum,ETHUSDT,2025-05-10,2345.04,2600.0,2317.0,2583.23,979350.1606,282636716534.08844
Ethereum,ETHUSDT,2025-05-11,2583.22,2608.13,2435.51,2514.57,831584.3888,312095621694.1442
Ethereum,ETHUSDT,2025-05-12,2514.58,2624.0,2406.63,2495.47,1068680.9433,302727255563.5134
Ethereum,ETHUSDT,2025-05-13,2495.48,2738.5,2415.3,2679.71,1031355.6465,300976824863.0343
Ethereum,ETHUSDT,2025-05-14,2679.71,2725.99,2547.26,2609.74,830047.1122,322977150438.36176
Ethereum,ETHUSDT,2025-05-15,2609.75,2647.03,2476.03,2548.69,768954.0332,314022060127.0501
Ethereum,ETHUSDT,2025-05-16,2548.7,2649.31,2529.4,2537.12,605953.6919,306933361055.9317
Ethereum,ETHUSDT,2025-05-17,2537.13,2538.16,2446.42,2475.08,494333.2782,307619694635.7725
Ethereum,ETHUSDT,2025-05-18,2475.09,2587.61,2323.21,2497.78,810103.1851,298789831687.0011
Ethereum,ETHUSDT,2025-05-19,2497.78,2547.36,2348.38,2528.14,861747.523,296863390804.2497
Ethereum,ETHUSDT,2025-05-20,2528.14,2588.63,2442.4,2524.19,676989.1747,305077067863.0779
Ethereum,ETHUSDT,2025-05-21,2524.19,2615.95,2452.2,2550.99,1095890.2902,304737250158.37354
Ethereum,ETHUSDT,2025-05-22,2551.0,2692.99,2544.83,2664.82,852555.6669,308934701949.7151
Ethereum,ETHUSDT,2025-05-23,2664.83,2734.23,2498.3,2526.5,971442.4532,320733890913.39886
Ethereum,ETHUSDT,2025-05-24,2526.49,2575.85,2515.08,2530.4,257544.2344,304038733414.03973
Ethereum,ETHUSDT,2025-05-25,2530.41,2554.26,2463.0,2551.22,359890.0299,305369227833.4215
Ethereum,ETHUSDT,2025-05-26,2551.22,2599.0,2525.86,2563.7,362971.1182,307423642894.0653
Ethereum,ETHUSDT,2025-05-27,2563.7,2712.36,2509.46,2660.81,798430.8862,309319360637.78375
Ethereum,ETHUSDT,2025-05-28,2660.81,2689.14,2608.5,2681.6,560095.6833,321357595434.52185
Ethereum,ETHUSDT,2025-05-29,2681.61,2788.0,2619.05,2631.39,811567.2545,323119009777.13904
Ethereum,ETHUSDT,2025-05-30,2631.39,2649.23,2507.35,2531.34,763045.2564,317891224562.8813
Ethereum,ETHUSDT,2025-05-31,2531.35,2550.34,2475.33,2528.06,394537.2521,304659964725.2192
Ethereum,ETHUSDT,2025-06-01,2528.06,2547.79,2468.56,2539.21,332021.7088,305718505778.76434
Ethereum,ETHUSDT,2025-06-02,2539.2,2615.0,2475.0,2607.41,468889.9737,306561765778.2403
Ethereum,ETHUSDT,2025-06-03,2607.42,2655.38,2575.0,2593.36,454383.0439,314999579353.95825
Ethereum,ETHUSDT,2025-06-04,2593.35,2679.88,2583.5,2607.68,502494.8214,313315832347.0171
Ethereum,ETHUSDT,2025-06-05,2607.68,2640.86,2391.66,2414.01,808938.0344,315159803382.89014
Ethereum,ETHUSDT,2025-06-06,2414.02,2531.36,2381.49,2476.1,578843.4974,292341916400.9464
Ethereum,ETHUSDT,2025-06-07,2476.1,2544.36,2457.0,2524.63,264787.6743,299560106673.7574
Ethereum,ETHUSDT,2025-06-08,2524.64,2548.63,2490.58,2509.83,266474.7139,304953508465.0457
Ethereum,ETHUSDT,2025-06-09,2509.84,2693.99,2477.73,2680.13,568726.3025,302870081038.261
Ethereum,ETHUSDT,2025-06-10,2680.13,2827.0,2655.61,2816.4,1138405.4775,324315565109.11993
Ethereum,ETHUSDT,2025-06-11,2816.41,2879.22,2743.75,2771.61,850210.9324,339012253954.4242
Ethereum,ETHUSDT,2025-06-12,2771.6,2784.83,2616.24,2642.65,699593.3757,334990282503.402
Ethereum,ETHUSDT,2025-06-13,2642.66,2645.45,2436.98,2579.19,1202176.2972,320595535562.5316
Ethereum,ETHUSDT,2025-06-14,2579.19,2579.43,2488.72,2530.76,331438.9278,311111352117.7261
Ethereum,ETHUSDT,2025-06-15,2530.77,2559.51,2492.0,2547.61,299701.6624,306048481935.1591
Ethereum,ETHUSDT,2025-06-16,2547.62,2680.34,2514.85,2544.17,680429.988,307537228689.2678
Ethereum,ETHUSDT,2025-06-17,2544.17,2618.6,2453.8,2509.95,715930.4081,309982828015.90594
Ethereum,ETHUSDT,2025-06-18,2509.95,2548.42,2465.78,2525.0,504532.1818,303697873489.69434
Ethereum,ETHUSDT,2025-06-19,2525.0,2546.91,2485.03,2521.12,252646.059,304290652058.44
Ethereum,ETHUSDT,2025-06-20,2521.13,2569.0,2367.36,2406.49,632027.8235,304481216643.1207
Ethereum,ETHUSDT,2025-06-21,2406.49,2448.8,2216.0,2295.73,496783.864,290401843920.2328
Ethereum,ETHUSDT,2025-06-22,2295.72,2314.48,2111.89,2227.7,840155.8295,273839538572.25955
Ethereum,ETHUSDT,2025-06-23,2227.7,2438.68,2188.0,2411.66,744583.8003,268777741291.43988
Ethereum,ETHUSDT,2025-06-24,2411.66,2482.04,2376.11,2448.45,516760.6621,292612668627.3885
Ethereum,ETHUSDT,2025-06-25,2448.46,2468.69,2389.69,2418.49,414894.7387,295402538889.65454
Ethereum,ETHUSDT,2025-06-26,2418.5,2520.92,2394.32,2415.96,463704.0261,291827501114.87933
Ethereum,ETHUSDT,2025-06-27,2415.96,2463.54,2382.53,2423.17,381474.766,291547094716.2168
Ethereum,ETHUSDT,2025-06-28,2423.17,2447.8,2405.81,2435.62,155814.9859,292419308271.8665
Ethereum,ETHUSDT,2025-06-29,2435.62,2525.0,2412.0,2500.09,284291.8057,294208600645.2538
Ethereum,ETHUSDT,2025-06-30,2500.09,2524.3,2431.0,2485.47,440455.714,302158279316.21674
Ethereum,ETHUSDT,2025-07-01,2485.47,2500.8,2386.52,2405.01,351951.0868,300388851494.49866
Ethereum,ETHUSDT,2025-07-02,2405.01,2619.28,2373.0,2570.41,634967.0337,290294455719.4809
Ethereum,ETHUSDT,2025-07-03,2570.41,2635.5,2556.12,2591.25,504943.6592,310930535640.4307
Ethereum,ETHUSDT,2025-07-04,2591.26,2603.17,2474.24,2508.04,452593.02,312621047413.045
Ethereum,ETHUSDT,2025-07-05,2508.04,2529.81,2487.95,2516.41,157198.0958,302827514359.61035
Ethereum,ETHUSDT,2025-07-06,2516.42,2605.0,2503.5,2570.35,277593.6319,304028836772.5733
Ethereum,ETHUSDT,2025-07-07,2570.35,2590.57,2512.0,2542.29,315707.5272,310345645222.7514
Ethereum,ETHUSDT,2025-07-08,2542.3,2628.21,2523.59,2615.25,370915.7321,307013209348.5054
Ethereum,ETHUSDT,2025-07-09,2615.25,2795.74,2589.78,2768.74,686119.3772,315738597830.34283
Ethereum,ETHUSDT,2025-07-10,2768.74,3000.0,2755.5,2951.29,951896.07,335050165487.70404
Ethereum,ETHUSDT,2025-07-11,2951.29,3040.15,2913.75,2958.22,906839.1689,355346738000.49475
Ethereum,ETHUSDT,2025-07-12,2958.21,2979.78,2903.85,2943.28,348884.8877,357144054434.9151
Ethereum,ETHUSDT,2025-07-13,2943.29,3020.31,2936.49,2972.03,357333.5016,355216449018.5163
Ethereum,ETHUSDT,2025-07-14,2972.03,3083.0,2962.81,3013.62,815552.6496,359110100026.3572
Ethereum,ETHUSDT,2025-07-15,3013.61,3144.14,2932.46,3137.89,863583.7377,363606274489.50854
Ethereum,ETHUSDT,2025-07-16,3137.9,3425.0,3101.0,3371.35,1135950.5831,378233206915.81635
Ethereum,ETHUSDT,2025-07-17,3371.35,3523.44,3310.77,3476.87,974065.8264,406599729410.5382
Ethereum,ETHUSDT,2025-07-18,3476.88,3673.84,3458.68,3546.92,1163823.3977,420347293649.25085
Ethereum,ETHUSDT,2025-07-19,3546.92,3608.3,3506.79,3592.01,381791.9213,427841866746.5711
Ethereum,ETHUSDT,2025-07-20,3592.0,3824.56,3579.13,3756.69,852356.5533,433877664505.94135
Ethereum,ETHUSDT,2025-07-21,3756.69,3860.0,3701.01,3762.33,812074.0534,453825859015.21515
Ethereum,ETHUSDT,2025-07-22,3762.32,3798.65,3616.54,3746.21,870127.3864,454513156113.6638
Ethereum,ETHUSDT,2025-07-23,3746.21,3764.2,3527.0,3628.29,800259.4025,452355960897.77356
Ethereum,ETHUSDT,2025-07-24,3628.29,3771.0,3502.85,3706.94,749459.495,438111570682.8548
Ethereum,ETHUSDT,2025-07-25,3706.95,3747.0,3573.76,3724.96,764606.7261,447620332487.87305
Ethereum,ETHUSDT,2025-07-26,3724.97,3793.0,3697.66,3741.1,407259.7024,449379722345.43585
Ethereum,ETHUSDT,2025-07-27,3741.11,3879.82,3731.0,3872.1,457352.4605,451746443518.379
Ethereum,ETHUSDT,2025-07-28,3872.11,3941.0,3754.0,3799.0,620994.7463,466077664312.2753
Ethereum,ETHUSDT,2025-07-29,3799.0,3886.44,3716.04,3793.79,584210.4393,457680388920.6686
Ethereum,ETHUSDT,2025-07-30,3793.79,3834.03,3677.65,3810.0,525424.9003,457213828532.1186
Ethereum,ETHUSDT,2025-07-31,3810.0,3878.67,3684.33,3698.39,516088.4503,459449027043.4022
Ethereum,ETHUSDT,2025-08-01,3698.39,3724.02,3431.75,3488.2,783869.1517,446264222707.4442
Ethereum,ETHUSDT,2025-08-02,3488.21,3537.69,3368.29,3393.94,494195.7094,420327732498.14484
Ethereum,ETHUSDT,2025-08-03,3393.94,3521.79,3354.28,3496.74,296347.6758,410229849339.571
Ethereum,ETHUSDT,2025-08-04,3496.75,3736.73,3490.73,3720.99,463349.9861,422223994717.4719
Ethereum,ETHUSDT,2025-08-05,3720.99,3722.24,3546.0,3612.0,489070.9589,448517239894.4303
Ethereum,ETHUSDT,2025-08-06,3612.01,3698.6,3564.19,3683.31,365309.9205,436373875222.1905
Ethereum,ETHUSDT,2025-08-07,3683.31,3927.77,3647.63,3910.31,631678.9872,444737780081.9074
Ethereum,ETHUSDT,2025-08-08,3910.3,4071.0,3880.0,4009.5,723300.0109,471838906504.6792
Ethereum,ETHUSDT,2025-08-09,4009.51,4326.2,4006.63,4260.62,691932.1048,484483868122.1773
Ethereum,ETHUSDT,2025-08-10,4260.63,4332.6,4153.07,4250.57,494843.8105,514414914903.2612
Ethereum,ETHUSDT,2025-08-11,4250.58,4366.46,4166.77,4223.22,722664.04,513073639261.6181
Ethereum,ETHUSDT,2025-08-12,4223.22,4639.7,4219.04,4590.52,885288.0652,510225780028.6237
Ethereum,ETHUSDT,2025-08-13,4590.52,4783.85,4564.33,4749.3,925931.4988,556502855391.5187
Ethereum,ETHUSDT,2025-08-14,4749.31,4788.0,4451.33,4546.84,1265449.0453,575091067506.1215
Ethereum,ETHUSDT,2025-08-15,4546.84,4672.67,4368.0,4439.47,880409.2591,551514703070.4648
Ethereum,ETHUSDT,2025-08-16,4439.47,4490.42,4372.54,4421.99,358676.5884,534578587192.13434
Ethereum,ETHUSDT,2025-08-17,4422.0,4576.0,4393.98,4472.33,442461.3829,534150282399.6513
Ethereum,ETHUSDT,2025-08-18,4472.34,4481.88,4225.86,4312.99,823188.1269,541923097741.9142
Ethereum,ETHUSDT,2025-08-19,4312.99,4355.0,4067.34,4075.59,831222.7951,520793172158.0575
Ethereum,ETHUSDT,2025-08-20,4075.58,4378.0,4060.0,4336.16,728324.8933,491872355111.46844
Ethereum,ETHUSDT,2025-08-21,4336.16,4340.26,4204.2,4225.3,433836.3992,523004794309.38104
Ethereum,ETHUSDT,2025-08-22,4225.3,4887.59,4207.39,4832.07,1277976.63526,509951239220.54224
Ethereum,ETHUSDT,2025-08-23,4832.07,4832.07,4659.7,4778.4,512442.0888,582817007170.4178
Ethereum,ETHUSDT,2025-08-24,4778.4,4956.78,4711.0,4780.15,780668.77842,576242312916.0488
Ethereum,ETHUSDT,2025-08-25,4780.15,4797.97,4334.13,4376.18,1043917.1659,577227233251.8729
Ethereum,ETHUSDT,2025-08-26,4376.17,4633.46,4311.04,4600.63,834750.2767,529509245849.7141
Ethereum,ETHUSDT,2025-08-27,4600.63,4663.93,4481.53,4506.71,606669.3611,555061696726.733
Ethereum,ETHUSDT,2025-08-28,4506.71,4633.97,4430.0,4511.21,485243.4027,543608856125.4653
Ethereum,ETHUSDT,2025-08-29,4511.2,4516.75,4265.0,4360.18,679063.8777,543249516158.12427
Ethereum,ETHUSDT,2025-08-30,4360.18,4415.61,4257.2,4373.7,340319.1826,526830870964.3115
Ethereum,ETHUSDT,2025-08-31,4373.7,4498.47,4372.63,4391.83,356586.1861,527539496668.2519
Ethereum,ETHUSDT,2025-09-01,4391.83,4491.84,4210.61,4314.5,513830.0395,529740073153.04834
Ethereum,ETHUSDT,2025-09-02,4314.5,4416.78,4257.85,4326.5,524605.0512,519534784996.7176
Ethereum,ETHUSDT,2025-09-03,4326.49,4490.64,4283.23,4450.46,487091.6861,521450862214.85895
Ethereum,ETHUSDT,2025-09-04,4450.46,4482.05,4265.33,4297.55,471795.7096,537549763927.1384
Ethereum,ETHUSDT,2025-09-05,4297.56,4490.0,4256.03,4307.45,624169.8754,519319443328.1493
Ethereum,ETHUSDT,2025-09-06,4307.46,4329.3,4236.0,4273.14,191166.0686,519830732357.0378
Ethereum,ETHUSDT,2025-09-07,4273.15,4336.02,4270.81,4306.19,169620.8372,515852185188.91895
Ethereum,ETHUSDT,2025-09-08,4306.19,4384.06,4279.0,4306.37,372882.4355,519663340480.02106
Ethereum,ETHUSDT,2025-09-09,4306.36,4381.87,4276.76,4310.09,405485.7821,519912892077.1541
Ethereum,ETHUSDT,2025-09-10,4310.08,4453.57,4285.1,4349.32,506633.9098,520461727067.3641
Ethereum,ETHUSDT,2025-09-11,4349.33,4481.09,4338.82,4458.82,441259.6649,524803924739.0028
Ethereum,ETHUSDT,2025-09-12,4458.83,4748.4,4450.71,4712.16,510777.5402,538261336997.6129
Ethereum,ETHUSDT,2025-09-13,4712.16,4769.36,4605.0,4666.53,394393.6869,567724477218.3574
Ethereum,ETHUSDT,2025-09-14,4666.54,4692.36,4576.89,4604.49,278244.3205,563397805739.7904
Ethereum,ETHUSDT,2025-09-15,4604.48,4670.28,4466.0,4523.74,412291.9687,556354045428.2224
Ethereum,ETHUSDT,2025-09-16,4523.74,4538.25,4424.0,4501.29,293307.1099,545926863107.31946
Ethereum,ETHUSDT,2025-09-17,4501.3,4616.77,4412.0,4590.53,476981.4561,543407922913.00836
Ethereum,ETHUSDT,2025-09-18,4590.54,4644.47,4553.7,4587.66,290660.377,554600592896.1794
Ethereum,ETHUSDT,2025-09-19,4587.66,4620.72,4435.7,4468.59,331611.1482,554210013387.6136
Ethereum,ETHUSDT,2025-09-20,4468.59,4508.71,4454.45,4480.42,130781.913,539242810184.06946
Ethereum,ETHUSDT,2025-09-21,4480.41,4498.16,4443.0,4444.97,149349.8262,540941822331.27405
Ethereum,ETHUSDT,2025-09-22,4444.98,4455.76,4077.0,4199.08,708243.2348,537406899904.3973
Ethereum,ETHUSDT,2025-09-23,4199.09,4229.03,4114.39,4164.26,315227.9057,507148578276.2705
Ethereum,ETHUSDT,2025-09-24,4164.25,4206.9,4073.74,4152.81,353665.5671,503209949445.43353
Ethereum,ETHUSDT,2025-09-25,4152.81,4161.04,3815.0,3874.36,930327.6951,500734284408.361
Ethereum,ETHUSDT,2025-09-26,3874.35,4068.3,3867.65,4032.24,575711.0859,466825639887.3833
Ethereum,ETHUSDT,2025-09-27,4032.24,4039.01,3972.98,4018.38,172693.2638,486889364203.26996
Ethereum,ETHUSDT,2025-09-28,4018.39,4144.88,3966.0,4142.16,240331.8589,485207355886.1105
Ethereum,ETHUSDT,2025-09-29,4142.16,4235.86,4082.25,4215.07,380728.6784,499628731251.1227
Ethereum,ETHUSDT,2025-09-30,4215.07,4245.0,4092.1,4145.15,391126.6172,508909498092.11896
Ethereum,ETHUSDT,2025-10-01,4145.15,4355.46,4123.08,4348.03,507026.3822,500218841768.296
Ethereum,ETHUSDT,2025-10-02,4348.03,4516.74,4332.73,4484.35,526411.1571,524308225825.147
Ethereum,ETHUSDT,2025-10-03,4484.35,4591.59,4428.0,4512.87,485684.0267,540553843152.3364
Ethereum,ETHUSDT,2025-10-04,4512.88,4517.93,4440.0,4487.15,199732.7088,545075315730.44794
Ethereum,ETHUSDT,2025-10-05,4487.16,4618.17,4467.05,4514.32,506587.9614,541611848322.7991
Ethereum,ETHUSDT,2025-10-06,4514.32,4735.93,4488.25,4684.01,456200.6528,545075062109.96124
Ethereum,ETHUSDT,2025-10-07,4684.02,4755.0,4430.43,4447.7,640685.9319,566339901682.9528
Ethereum,ETHUSDT,2025-10-08,4447.7,4558.0,4410.08,4525.72,399904.3287,537522914209.85065
Ethereum,ETHUSDT,2025-10-09,4525.72,4531.52,4265.06,4368.09,515978.1829,546454608029.64813
Ethereum,ETHUSDT,2025-10-10,4368.09,4393.63,3435.0,3829.72,1493971.0244,527213250874.5829
Ethereum,ETHUSDT,2025-10-11,3829.72,3878.3,3643.33,3746.79,789885.6582,463578765352.86365
Ethereum,ETHUSDT,2025-10-12,3746.8,4197.7,3694.74,4152.29,811308.152,453043143808.8669
Ethereum,ETHUSDT,2025-10-13,4152.29,4292.0,4042.29,4240.85,622813.9247,501175375996.802
Ethereum,ETHUSDT,2025-10-14,4240.86,4263.38,3888.74,4125.02,962996.7658,512317800004.74445
Ethereum,ETHUSDT,2025-10-15,4125.01,4217.6,3926.74,3985.61,626081.6966,498801738230.5064
Ethereum,ETHUSDT,2025-10-16,3985.61,4086.49,3826.04,3894.51,643804.6163,480502921991.1765
Ethereum,ETHUSDT,2025-10-17,3894.5,3950.45,3674.5,3831.57,830127.0885,469582926617.41595
Ethereum,ETHUSDT,2025-10-18,3831.58,3927.73,3819.07,3889.21,250710.6121,462727285553.6246
Ethereum,ETHUSDT,2025-10-19,3889.2,4030.94,3827.04,3982.58,408538.2545,469204461222.8663
Ethereum,ETHUSDT,2025-10-20,3982.58,4085.3,3908.73,3979.22,511382.3301,480734836101.83966
Ethereum,ETHUSDT,2025-10-21,3979.22,4110.0,3840.24,3873.05,590594.1382,480395580826.9953
Ethereum,ETHUSDT,2025-10-22,3873.04,3889.27,3710.0,3805.53,593130.0905,467810730089.432
Ethereum,ETHUSDT,2025-10-23,3805.53,3934.86,3796.54,3856.8,477231.0181,458856134706.02246
Ethereum,ETHUSDT,2025-10-24,3856.8,4026.39,3845.86,3934.88,425926.9383,465361564940.0126
Ethereum,ETHUSDT,2025-10-25,3934.88,3969.22,3912.4,3953.82,138526.3338,474759372126.45776
Ethereum,ETHUSDT,2025-10-26,3953.81,4178.78,3919.03,4158.46,344698.0918,477319399731.4925
Ethereum,ETHUSDT,2025-10-27,4158.46,4253.72,4095.0,4120.15,487131.2291,502918445052.51886
Ethereum,ETHUSDT,2025-10-28,4120.16,4175.55,3931.33,3979.2,472965.8377,497221249584.5864
Ethereum,ETHUSDT,2025-10-29,3979.19,4036.66,3840.37,3902.99,486452.3127,481161348044.65594
Ethereum,ETHUSDT,2025-10-30,3903.0,3948.74,3680.0,3805.09,531455.9923,470349941761.83514
Ethereum,ETHUSDT,2025-10-31,3804.95,3906.09,3796.36,3847.99,478636.2995,458793317252.3975
Ethereum,ETHUSDT,2025-11-01,3848.0,3909.39,3831.0,3873.77,152998.1626,464417354244.41925
Ethereum,ETHUSDT,2025-11-02,3873.78,3918.23,3839.12,3906.58,216083.1542,467387016348.6048
Ethereum,ETHUSDT,2025-11-03,3906.58,3914.29,3558.82,3603.83,877187.3852,471549372393.21094
Ethereum,ETHUSDT,2025-11-04,3603.84,3654.54,3057.0,3287.05,1568004.2379,434149656995.1001
Ethereum,ETHUSDT,2025-11-05,3287.05,3480.46,3166.66,3424.29,809591.5132,397489340792.3503
Ethereum,ETHUSDT,2025-11-06,3424.29,3456.46,3245.45,3315.14,566363.7003,413918683595.6081
Ethereum,ETHUSDT,2025-11-07,3315.14,3473.0,3194.2,3436.05,683417.3854,399007356776.52936
Ethereum,ETHUSDT,2025-11-08,3436.04,3488.0,3355.58,3401.51,291532.2881,414691375367.5941
Ethereum,ETHUSDT,2025-11-09,3401.51,3623.25,3358.66,3583.46,464098.052,410599145957.86835
Ethereum,ETHUSDT,2025-11-10,3583.46,3658.98,3507.3,3567.85,595273.0298,431294295578.2351
Ethereum,ETHUSDT,2025-11-11,3567.85,3648.27,3405.24,3417.76,660283.2747,430271977432.51276
Ethereum,ETHUSDT,2025-11-12,3417.76,3588.19,3371.65,3414.92,553101.9368,411969837331.5966
Ethereum,ETHUSDT,2025-11-13,3414.91,3565.84,3154.22,3231.54,951989.1347,411695018306.39923
Ethereum,ETHUSDT,2025-11-14,3231.55,3256.71,3070.0,3112.4,890446.1491,392354946592.3496
Ethereum,ETHUSDT,2025-11-15,3112.4,3230.0,3110.68,3167.88,338463.4782,376914348602.9677
Ethereum,ETHUSDT,2025-11-16,3167.87,3249.0,3004.0,3095.29,570633.5809,382460593691.1359
Ethereum,ETHUSDT,2025-11-17,3095.29,3223.38,2959.46,3031.44,762500.4289,374435480317.1664
Ethereum,ETHUSDT,2025-11-18,3031.44,3169.95,2946.56,3123.66,766640.1058,364584346775.1596
Ethereum,ETHUSDT,2025-11-19,3123.65,3125.54,2873.64,3025.48,737926.7146,375944681644.45795
Ethereum,ETHUSDT,2025-11-20,3025.48,3063.61,2790.01,2834.22,912524.3718,363582387251.9456
Ethereum,ETHUSDT,2025-11-21,2834.21,2886.73,2623.57,2765.85,1180475.4085,342850824587.94714
Ethereum,ETHUSDT,2025-11-22,2765.86,2799.01,2704.33,2770.12,264691.3089,333838550169.9107
Ethereum,ETHUSDT,2025-11-23,2770.12,2858.16,2768.29,2802.16,409808.5734,334406681065.5302
Ethereum,ETHUSDT,2025-11-24,2802.16,2987.0,2763.0,2953.38,715279.7551,338053142179.2997
Ethereum,ETHUSDT,2025-11-25,2953.38,2980.82,2857.32,2959.36,427686.4528,357075035362.9083
Ethereum,ETHUSDT,2025-11-26,2959.36,3045.0,2888.69,3026.56,364535.326,356667974212.06213
Ethereum,ETHUSDT,2025-11-27,3026.56,3071.37,2985.78,3015.23,274980.3955,365169111971.85614
Ethereum,ETHUSDT,2025-11-28,3015.23,3099.0,2994.36,3031.15,346616.0275,364039549664.8285
Ethereum,ETHUSDT,2025-11-29,3031.14,3052.64,2961.91,2989.16,217904.1303,366085841851.63794
Ethereum,ETHUSDT,2025-11-30,2989.17,3053.02,2975.3,2991.26,182722.4253,361028197396.32526
Ethereum,ETHUSDT,2025-12-01,2991.25,2999.47,2716.04,2799.07,849002.9909,361717332403.24976
Ethereum,ETHUSDT,2025-12-02,2799.07,3033.76,2782.19,2996.07,523707.3586,338070271128.47876
Ethereum,ETHUSDT,2025-12-03,2996.07,3214.99,2985.58,3188.36,553669.8146,362328288750.46765
Ethereum,ETHUSDT,2025-12-04,3188.39,3240.35,3066.37,3133.26,486698.3987,385765592436.29456
Ethereum,ETHUSDT,2025-12-05,3133.26,3193.33,2983.08,3021.78,530382.8986,378383036980.8902
Ethereum,ETHUSDT,2025-12-06,3021.77,3069.0,3012.58,3038.06,159721.2488,365052689720.72375
Ethereum,ETHUSDT,2025-12-07,3038.06,3150.0,2907.52,3059.85,391129.675,366786121380.61804
Ethereum,ETHUSDT,2025-12-08,3059.86,3180.51,3040.87,3124.16,452820.2207,368370755428.0437
Ethereum,ETHUSDT,2025-12-09,3124.16,3397.85,3090.8,3318.04,603859.9458,377375140776.36505
Ethereum,ETHUSDT,2025-12-10,3318.04,3447.44,3288.1,3324.14,539585.4535,401258190140.9822
Ethereum,ETHUSDT,2025-12-11,3324.14,3327.37,3145.28,3237.39,504114.2391,401626272710.5994
Ethereum,ETHUSDT,2025-12-12,3237.38,3265.5,3045.31,3084.86,435686.4435,390987823733.6906
Ethereum,ETHUSDT,2025-12-13,3084.86,3135.68,3078.6,3114.64,136465.7567,372579486045.7623
Ethereum,ETHUSDT,2025-12-14,3114.64,3129.54,3024.44,3063.5,279058.3545,375945831930.448
Ethereum,ETHUSDT,2025-12-15,3063.49,3177.5,2894.57,2964.85,520509.9555,369527922358.0662
Ethereum,ETHUSDT,2025-12-16,2964.85,2981.87,2876.0,2962.3,378293.1159,357786162656.10895
Ethereum,ETHUSDT,2025-12-17,2962.3,3030.92,2791.02,2833.49,497630.4162,357203725063.4325
Ethereum,ETHUSDT,2025-12-18,2833.5,2997.4,2775.19,2828.57,595253.7997,341276921875.79224
Ethereum,ETHUSDT,2025-12-19,2828.56,3020.0,2808.63,2979.5,531702.5439,340860880536.8325
Ethereum,ETHUSDT,2025-12-20,2979.49,2994.41,2964.17,2977.93,91783.7734,359446094628.4511
Ethereum,ETHUSDT,2025-12-21,2977.93,3013.4,2944.0,3002.02,162244.8067,359186900440.0731
Ethereum,ETHUSDT,2025-12-22,3002.03,3077.39,2963.43,3009.49,298443.5633,362519624877.1173
Ethereum,ETHUSDT,2025-12-23,3009.48,3035.79,2900.93,2965.02,386465.747,362935746891.54517
Ethereum,ETHUSDT,2025-12-24,2965.03,2978.15,2888.7,2947.47,197035.5598,357776430595.61365
Ethereum,ETHUSDT,2025-12-25,2947.48,2971.46,2891.2,2903.95,188721.2981,355561429533.282
Ethereum,ETHUSDT,2025-12-26,2903.9,2994.38,2894.26,2927.99,314830.9989,350482502400.1858
Ethereum,ETHUSDT,2025-12-27,2928.0,2960.89,2917.13,2949.05,95040.3956,353065144652.60986
Ethereum,ETHUSDT,2025-12-28,2949.05,2961.23,2924.54,2950.91,128834.139,355905880030.65027
Ethereum,ETHUSDT,2025-12-29,2950.91,3057.78,2910.25,2937.9,485959.1824,355840750170.65576
Ethereum,ETHUSDT,2025-12-30,2937.91,3009.8,2919.44,2973.69,286583.2879,354107974761.1568
Ethereum,ETHUSDT,2025-12-31,2973.69,3028.08,2958.91,2971.64,233729.5887,358439004174.8074
Ethereum,ETHUSDT,2026-01-01,2971.65,3010.0,2971.15,3004.19,136088.5207,358047402285.7328
Ethereum,ETHUSDT,2026-01-02,3004.19,3150.01,2992.49,3125.45,369891.2449,362099985541.6034
Ethereum,ETHUSDT,2026-01-03,3125.46,3136.71,3076.0,3127.11,134405.2258,376770956000.15674
Ethereum,ETHUSDT,2026-01-04,3127.11,3167.22,3118.75,3144.7,181576.0686,377099111945.0166
Ethereum,ETHUSDT,2026-01-05,3144.71,3265.66,3135.02,3224.99,382446.6618,378922486584.18475
Ethereum,ETHUSDT,2026-01-06,3224.99,3308.86,3183.27,3296.84,412503.5066,389933475562.2665
Ethereum,ETHUSDT,2026-01-07,3296.83,3296.84,3125.42,3168.72,321350.1225,397608381234.7261
Ethereum,ETHUSDT,2026-01-08,3168.72,3184.39,3054.65,3106.65,343616.1005,381974224305.5651
Ethereum,ETHUSDT,2026-01-09,3106.66,3148.41,3058.69,3088.4,274587.4533,374637574706.1186
Ethereum,ETHUSDT,2026-01-10,3088.4,3104.12,3077.99,3086.72,82341.0546,372149000810.8756
Ethereum,ETHUSDT,2026-01-11,3086.72,3147.27,3084.46,3123.45,149381.2965,372186920089.48895
Ethereum,ETHUSDT,2026-01-12,3123.46,3171.49,3065.55,3095.75,297373.4681,376488796661.5709
Ethereum,ETHUSDT,2026-01-13,3095.75,3367.79,3091.96,3325.82,457782.2816,373050228025.3664
Ethereum,ETHUSDT,2026-01-14,3325.83,3402.89,3280.48,3354.92,503440.0759,400762250132.68756
Ethereum,ETHUSDT,2026-01-15,3354.92,3384.19,3273.72,3318.69,389993.836,405103415124.21326
Ethereum,ETHUSDT,2026-01-16,3318.7,3326.79,3253.01,3296.28,223921.7876,400452010716.34735
Ethereum,ETHUSDT,2026-01-17,3296.28,3330.26,3283.96,3310.56,124325.0303,397812097503.19434
Ethereum,ETHUSDT,2026-01-18,3310.56,3368.82,3278.86,3284.03,173354.3026,399282930965.6771
Ethereum,ETHUSDT,2026-01-19,3284.04,3284.58,3165.38,3189.55,442540.5596,396399594662.77765
Ethereum,ETHUSDT,2026-01-20,3189.56,3200.5,2920.0,2939.88,518166.4787,384410444146.86456
Ethereum,ETHUSDT,2026-01-21,2939.88,3069.07,2866.11,2982.27,577800.2481,354099948267.15643
Ethereum,ETHUSDT,2026-01-22,2982.28,3038.33,2906.02,2952.69,291660.7349,359040539115.96747
Ethereum,ETHUSDT,2026-01-23,2952.7,3019.26,2892.4,2956.41,318415.3317,355853612997.0337
Ethereum,ETHUSDT,2026-01-24,2956.41,2970.41,2943.84,2953.22,92082.9039,356101993294.33496
Ethereum,ETHUSDT,2026-01-25,2953.23,2960.29,2787.0,2816.89,380186.5326,356007725632.75543
Ethereum,ETHUSDT,2026-01-26,2816.9,2951.21,2812.37,2930.35,485169.3372,339890716407.5777
Ethereum,ETHUSDT,2026-01-27,2930.35,3035.08,2899.77,3026.77,478792.3988,353726198245.0733
Ethereum,ETHUSDT,2026-01-28,3026.77,3045.78,2983.67,3010.78,296607.6549,364796970141.98334
Ethereum,ETHUSDT,2026-01-29,3010.78,3013.5,2754.53,2822.59,561288.5979,362995505292.5032
Ethereum,ETHUSDT,2026-01-30,2822.6,2828.65,2636.01,2707.38,793279.6252,340223818598.2187
Ethereum,ETHUSDT,2026-01-31,2707.37,2714.64,2250.0,2451.95,1113097.7132,326260413678.2401
Ethereum,ETHUSDT,2026-02-01,2451.96,2475.98,2222.0,2270.15,1026573.9466,294721167713.188
Ethereum,ETHUSDT,2026-02-02,2270.16,2396.62,2157.14,2347.02,1248535.2114,273917533154.59314
Ethereum,ETHUSDT,2026-02-03,2347.01,2359.88,2110.0,2233.72,1321099.3867,282937489226.0722
Ethereum,ETHUSDT,2026-02-04,2233.72,2295.74,2076.68,2148.26,1264743.43,268883359333.4935
Ethereum,ETHUSDT,2026-02-05,2148.25,2173.77,1818.18,1826.83,1952286.6951,259876828100.02466
Ethereum,ETHUSDT,2026-02-06,1826.83,2093.94,1747.8,2063.38,2102311.5573,222173472032.49194
Ethereum,ETHUSDT,2026-02-07,2063.37,2121.7,1994.57,2087.08,1142616.4487,248748810142.69376
Ethereum,ETHUSDT,2026-02-08,2087.08,2152.03,2064.1,2089.74,482837.2515,252512585445.0919
Ethereum,ETHUSDT,2026-02-09,2089.73,2147.73,2008.62,2105.02,625378.5569,253245483591.40662
Ethereum,ETHUSDT,2026-02-10,2105.02,2124.71,1989.38,2022.67,574321.6908,253911548161.0788
Ethereum,ETHUSDT,2026-02-11,2022.67,2032.31,1903.19,1941.18,529655.8177,243588125385.22418
Ethereum,ETHUSDT,2026-02-12,1941.19,2001.42,1897.24,1947.85,427567.1469,234040160527.6989
Ethereum,ETHUSDT,2026-02-13,1947.85,2073.68,1924.72,2048.72,425649.7698,234801316580.30408
Ethereum,ETHUSDT,2026-02-14,2048.72,2107.67,2042.37,2086.59,220677.2355,247095469776.81912
Ethereum,ETHUSDT,2026-02-15,2086.59,2103.32,1928.88,1966.58,834778.0952,251943149870.57593
Ethereum,ETHUSDT,2026-02-16,1966.59,2023.51,1937.24,1998.33,351347.9433,237059805728.8081
Ethereum,ETHUSDT,2026-02-17,1998.34,2015.33,1941.66,1991.66,406246.9427,241437650925.12573
Ethereum,ETHUSDT,2026-02-18,1991.67,2039.05,1923.78,1955.91,393639.0086,240295806016.11963
Ethereum,ETHUSDT,2026-02-19,1955.9,1987.55,1907.0,1949.08,300257.0733,235735616203.12518
Ethereum,ETHUSDT,2026-02-20,1949.08,1981.18,1922.97,1968.88,386253.5557,235006669215.33435
Ethereum,ETHUSDT,2026-02-21,1968.88,1995.56,1955.62,1973.35,179173.8456,237381191118.92096
Ethereum,ETHUSDT,2026-02-22,1973.35,1983.13,1935.0,1957.82,155325.6482,238204433973.60416
Ethereum,ETHUSDT,2026-02-23,1957.82,1958.33,1837.13,1856.3,547359.4869,235501329876.95392
Ethereum,ETHUSDT,2026-02-24,1856.3,1869.58,1800.0,1851.94,438064.0284,223731652427.76767
Ethereum,ETHUSDT,2026-02-25,1851.95,2148.39,1846.74,2057.48,682979.4378,223610046968.4375
Ethereum,ETHUSDT,2026-02-26,2057.48,2083.33,1975.35,2027.68,439783.3566,247536737253.7812
Ethereum,ETHUSDT,2026-02-27,2027.68,2063.52,1887.0,1929.84,428687.234,244470152452.73337
Ethereum,ETHUSDT,2026-02-28,1929.84,1984.99,1835.36,1964.51,461680.9835,233144085915.65958
Ethereum,ETHUSDT,2026-03-01,1964.51,2054.8,1907.41,1939.71,529196.8464,237260462029.16663
Ethereum,ETHUSDT,2026-03-02,1939.71,2090.0,1920.0,2027.35,577406.3749,233982481666.26425
Ethereum,ETHUSDT,2026-03-03,2027.34,2041.48,1929.56,1982.8,509329.8534,245115922455.21896
Ethereum,ETHUSDT,2026-03-04,1982.81,2199.0,1945.08,2127.28,737644.8152,239664309988.1716
Ethereum,ETHUSDT,2026-03-05,2127.28,2163.66,2054.75,2072.86,432157.8126,256536391246.6736
Ethereum,ETHUSDT,2026-03-06,2072.86,2093.33,1955.95,1978.68,411597.7569,250411621366.98474
Ethereum,ETHUSDT,2026-03-07,1978.68,1996.04,1948.09,1969.59,184459.82,239165082328.51263
Ethereum,ETHUSDT,2026-03-08,1969.6,1979.8,1916.14,1937.1,391189.7317,237705413185.15485
Ethereum,ETHUSDT,2026-03-09,1937.11,2053.52,1929.65,1992.98,550825.4883,234130530358.1918
Ethereum,ETHUSDT,2026-03-10,1992.97,2088.19,1991.0,2036.51,463411.8739,240568829023.63785
Ethereum,ETHUSDT,2026-03-11,2036.5,2085.58,2007.17,2051.97,350061.256,245646280321.6054
Ethereum,ETHUSDT,2026-03-12,2051.97,2095.0,2017.59,2073.52,400507.8132,247646084116.33203
Ethereum,ETHUSDT,2026-03-13,2073.51,2209.03,2070.12,2092.22,599657.0399,250636874415.3797
Ethereum,ETHUSDT,2026-03-14,2092.21,2106.09,2061.6,2096.16,152500.5822,252501564143.83582
Ethereum,ETHUSDT,2026-03-15,2096.16,2202.87,2083.35,2178.3,280825.9377,253100179300.2875
Ethereum,ETHUSDT,2026-03-16,2178.29,2386.02,2164.73,2352.97,845892.7756,262512054941.10397
Ethereum,ETHUSDT,2026-03-17,2352.97,2376.66,2294.15,2317.39,493831.1016,283735615158.5437
Ethereum,ETHUSDT,2026-03-18,2317.38,2350.0,2153.21,2203.39,488040.8887,279844075617.11676
Ethereum,ETHUSDT,2026-03-19,2203.39,2233.72,2099.38,2137.81,490791.679,266107991165.40198
Ethereum,ETHUSDT,2026-03-20,2137.82,2176.84,2116.88,2146.22,300156.1778,258058898457.4955
Ethereum,ETHUSDT,2026-03-21,2146.21,2168.27,2070.78,2084.87,132559.4646,259208652759.6241
Ethereum,ETHUSDT,2026-03-22,2084.86,2127.21,2026.0,2053.89,313070.5572,251826217028.40793
Ethereum,ETHUSDT,2026-03-23,2053.9,2198.57,2023.04,2152.03,614508.4369,247825857616.28088
Ethereum,ETHUSDT,2026-03-24,2152.03,2175.16,2103.02,2156.23,316703.4728,259554597861.1581
Ethereum,ETHUSDT,2026-03-25,2156.22,2199.02,2146.35,2169.02,275641.5255,260196677160.7846
Ethereum,ETHUSDT,2026-03-26,2169.02,2172.19,2034.54,2060.43,338010.6238,261686587476.22174
Ethereum,ETHUSDT,2026-03-27,2060.43,2077.19,1970.93,1992.75,394873.5248,248549670710.29474
Ethereum,ETHUSDT,2026-03-28,1992.76,2008.35,1983.17,1994.64,50421.5252,240567616856.33087
